{"val_3 & agent": {"mAP": 11.981886327266693, "APs": [3.833843395113945, 21.447721123695374, 11.976160109043121, 37.62626349925995, 11.661092936992645, 0.8281426504254341, 29.881536960601807, 0.0, 2.5641025975346565, 0.0], "mR": 22.925145272165537, "Recalls": [10.301507264375687, 38.50267231464386, 22.47191071510315, 66.66666865348816, 33.33333432674408, 19.0476194024086, 36.36363744735718, 0.0, 2.5641025975346565, 0.0], "ap_strs": ["Ped : 398 : 2905 : 3.833843395113945 : 10.301507264375687", "Car : 187 : 2905 : 21.447721123695374 : 38.50267231464386", "Cyc : 89 : 2905 : 11.976160109043121 : 22.47191071510315", "Mobike : 3 : 2905 : 37.62626349925995 : 66.66666865348816", "MedVeh : 36 : 2905 : 11.661092936992645 : 33.33333432674408", "LarVeh : 21 : 2905 : 0.8281426504254341 : 19.0476194024086", "Bus : 22 : 2905 : 29.881536960601807 : 36.36363744735718", "EmVeh : 2 : 2905 : 0.0 : 0.0", "TL : 39 : 2905 : 2.5641025975346565 : 2.5641025975346565", "OthTL : 12 : 2905 : 0.0 : 0.0", "\nMean AP:: 11.98 mean Recall 22.93"]}, "val_3 & action": {"mAP": 3.6610040044730625, "APs": [3.57142873108387, 0.8333333767950535, 0.0, 3.2401807606220245, 15.48011302947998, 0.0, 0.051759835332632065, 3.3855944871902466, 4.627935215830803, 0.22073970176279545, 0.11655011912807822, 0.05456646322272718, 14.9039626121521, 6.25, 0.2504817442968488, 5.413168668746948, 10.881483554840088, 0.27777778450399637, 0.0], "mR": 14.328734547291932, "Recalls": [3.57142873108387, 5.000000074505806, 0.0, 14.007781445980072, 25.846153497695923, 0.0, 2.380952425301075, 12.169311940670013, 9.090909361839294, 15.384615957736969, 33.33333432674408, 10.000000149011612, 28.57142984867096, 50.0, 6.666667014360428, 15.094339847564697, 16.129031777381897, 25.0, 0.0], "ap_strs": ["Red : 28 : 851 : 3.57142873108387 : 3.57142873108387", "Amber : 20 : 588 : 0.8333333767950535 : 5.000000074505806", "Green : 37 : 1010 : 0.0 : 0.0", "MovAway : 257 : 2859 : 3.2401807606220245 : 14.007781445980072", "MovTow : 325 : 2821 : 15.48011302947998 : 25.846153497695923", "Mov : 22 : 1715 : 0.0 : 0.0", "Brake : 42 : 815 : 0.051759835332632065 : 2.380952425301075", "Stop : 189 : 2747 : 3.3855944871902466 : 12.169311940670013", "IncatLft : 22 : 1198 : 4.627935215830803 : 9.090909361839294", "IncatRht : 13 : 1104 : 0.22073970176279545 : 15.384615957736969", "HazLit : 3 : 706 : 0.11655011912807822 : 33.33333432674408", "TurLft : 20 : 1905 : 0.05456646322272718 : 10.000000149011612", "TurRht : 7 : 818 : 14.9039626121521 : 28.57142984867096", "Ovtak : 2 : 614 : 6.25 : 50.0", "Wait2X : 30 : 1777 : 0.2504817442968488 : 6.666667014360428", "XingFmLft : 53 : 1949 : 5.413168668746948 : 15.094339847564697", "XingFmRht : 31 : 2274 : 10.881483554840088 : 16.129031777381897", "Xing : 4 : 1544 : 0.27777778450399637 : 25.0", "PushObj : 6 : 1746 : 0.0 : 0.0", "\nMean AP:: 3.66 mean Recall 14.33"]}, "val_3 & loc": {"mAP": 6.846605218015611, "APs": [18.174612522125244, 7.20268189907074, 2.6111114770174026, 22.210203111171722, 15.530538558959961, 0.21929824724793434, 4.293939098715782, 4.175649210810661, 6.635001301765442, 1.1062271893024445, 0.0, 0.0], "mR": 15.630027139559388, "Recalls": [31.666666269302368, 25.806450843811035, 13.333334028720856, 40.88397920131683, 25.925925374031067, 1.315789483487606, 11.35135143995285, 10.322580486536026, 18.95424872636795, 7.999999821186066, 0.0, 0.0], "ap_strs": ["VehLane : 60 : 2760 : 18.174612522125244 : 31.666666269302368", "OutgoLane : 31 : 2065 : 7.20268189907074 : 25.806450843811035", "OutgoCycLane : 15 : 1781 : 2.6111114770174026 : 13.333334028720856", "IncomLane : 181 : 2342 : 22.210203111171722 : 40.88397920131683", "IncomCycLane : 27 : 2214 : 15.530538558959961 : 25.925925374031067", "Pav : 76 : 2419 : 0.21929824724793434 : 1.315789483487606", "LftPav : 185 : 2580 : 4.293939098715782 : 11.35135143995285", "RhtPav : 155 : 2619 : 4.175649210810661 : 10.322580486536026", "Jun : 153 : 2898 : 6.635001301765442 : 18.95424872636795", "xing : 25 : 2549 : 1.1062271893024445 : 7.999999821186066", "BusStop : 6 : 2116 : 0.0 : 0.0", "parking : 1 : 2705 : 0.0 : 0.0", "\nMean AP:: 6.85 mean Recall 15.63"]}, "val_3 & duplex": {"mAP": 7.555429802204554, "APs": [0.0, 64.94709253311157, 8.77976194024086, 0.0, 0.0, 5.882352963089943, 0.5705219227820635, 4.851403832435608, 30.184099078178406, 3.052907809615135, 0.1513687428086996, 5.763889104127884, 6.157531216740608, 19.393940269947052, 6.804639846086502, 12.388243526220322, 9.5238097012043, 0.0, 0.0, 50.0, 0.0, 0.0, 32.09840953350067, 8.444444835186005, 0.0, 0.0, 0.0, 0.0, 2.7769040316343307, 4.991532117128372, 0.0, 0.5700144916772842, 0.27140171732753515, 0.33783784601837397, 8.833333849906921, 1.111111231148243, 0.8928571827709675, 0.0, 5.882352963089943], "mR": 15.260645021230747, "Recalls": [0.0, 66.66666865348816, 50.0, 0.0, 0.0, 5.882352963089943, 22.22222238779068, 18.000000715255737, 48.051947355270386, 16.438356041908264, 20.000000298023224, 33.33333432674408, 16.129031777381897, 27.272728085517883, 20.000000298023224, 27.272728085517883, 9.5238097012043, 0.0, 0.0, 50.0, 0.0, 0.0, 56.25, 13.333334028720856, 0.0, 0.0, 0.0, 0.0, 12.080536782741547, 10.982658714056015, 0.0, 6.557376682758331, 7.14285746216774, 25.0, 13.333334028720856, 6.666667014360428, 7.14285746216774, 0.0, 5.882352963089943], "ap_strs": ["Bus-MovAway : 9 : 209 : 0.0 : 0.0", "Bus-MovTow : 9 : 187 : 64.94709253311157 : 66.66666865348816", "Bus-Stop : 4 : 228 : 8.77976194024086 : 50.0", "Bus-XingFmLft : 4 : 184 : 0.0 : 0.0", "Car-Brake : 37 : 453 : 0.0 : 0.0", "Car-IncatLft : 17 : 531 : 5.882352963089943 : 5.882352963089943", "Car-IncatRht : 9 : 413 : 0.5705219227820635 : 22.22222238779068", "Car-MovAway : 50 : 880 : 4.851403832435608 : 18.000000715255737", "Car-MovTow : 77 : 904 : 30.184099078178406 : 48.051947355270386", "Car-Stop : 73 : 874 : 3.052907809615135 : 16.438356041908264", "Car-TurLft : 10 : 520 : 0.1513687428086996 : 20.000000298023224", "Car-TurRht : 6 : 338 : 5.763889104127884 : 33.33333432674408", "Car-XingFmLft : 31 : 303 : 6.157531216740608 : 16.129031777381897", "Car-XingFmRht : 11 : 331 : 19.393940269947052 : 27.272728085517883", "Cyc-MovAway : 30 : 985 : 6.804639846086502 : 20.000000298023224", "Cyc-MovTow : 44 : 1562 : 12.388243526220322 : 27.272728085517883", "Cyc-Stop : 21 : 1097 : 9.5238097012043 : 9.5238097012043", "Cyc-TurLft : 5 : 446 : 0.0 : 0.0", "Cyc-XingFmLft : 1 : 291 : 0.0 : 0.0", "Cyc-XingFmRht : 2 : 147 : 50.0 : 50.0", "LarVeh-Stop : 12 : 307 : 0.0 : 0.0", "MedVeh-IncatLft : 4 : 204 : 0.0 : 0.0", "MedVeh-MovTow : 16 : 479 : 32.09840953350067 : 56.25", "MedVeh-Stop : 15 : 403 : 8.444444835186005 : 13.333334028720856", "MedVeh-TurRht : 1 : 225 : 0.0 : 0.0", "OthTL-Green : 6 : 459 : 0.0 : 0.0", "OthTL-Red : 11 : 462 : 0.0 : 0.0", "Ped-Mov : 22 : 1471 : 0.0 : 0.0", "Ped-MovAway : 149 : 2083 : 2.7769040316343307 : 12.080536782741547", "Ped-MovTow : 173 : 2088 : 4.991532117128372 : 10.982658714056015", "Ped-PushObj : 6 : 1540 : 0.0 : 0.0", "Ped-Stop : 61 : 1911 : 0.5700144916772842 : 6.557376682758331", "Ped-Wait2X : 28 : 1500 : 0.27140171732753515 : 7.14285746216774", "Ped-Xing : 4 : 1223 : 0.33783784601837397 : 25.0", "Ped-XingFmLft : 15 : 813 : 8.833333849906921 : 13.333334028720856", "Ped-XingFmRht : 15 : 1107 : 1.111111231148243 : 6.666667014360428", "TL-Amber : 14 : 488 : 0.8928571827709675 : 7.14285746216774", "TL-Green : 31 : 758 : 0.0 : 0.0", "TL-Red : 17 : 617 : 5.882352963089943 : 5.882352963089943", "\nMean AP:: 7.56 mean Recall 15.26"]}, "val_3 & triplet": {"mAP": 6.613584802150452,