{"val_3 & agent_ness": {"mAP": 55.99493980407715, "APs": [55.99493980407715]}, "val_3 & agent": {"mAP": 37.177120393607765, "APs": [41.9310599565506, 71.75548076629639, 51.01918578147888, 74.30228590965271, 16.51396155357361, 17.13370829820633, 40.16743302345276, 0.0576595077291131, 45.655059814453125, 13.235369324684143]}, "val_3 & action": {"mAP": 23.97831108813223, "APs": [41.68773293495178, 37.044933438301086, 44.209492206573486, 42.18497276306152, 45.93616724014282, 11.501946300268173, 47.78722524642944, 40.98067879676819, 7.780894637107849, 2.828909084200859, 7.141762226819992, 7.693277299404144, 20.148783922195435, 1.6111427918076515, 15.888826549053192, 40.73243737220764, 35.451945662498474, 1.9024763256311417, 3.0743058770895004]}, "val_3 & loc": {"mAP": 28.868783260016546, "APs": [53.95275354385376, 37.662166357040405, 35.63614785671234, 62.30863928794861, 36.19728684425354, 5.965206027030945, 37.642866373062134, 33.75815451145172, 18.316790461540222, 24.935267865657806, 0.05011999164707959, 0.0]}, "val_3 & duplex": {"mAP": 25.67941704579332, "APs": [21.389488875865936, 54.25374507904053, 10.72482317686081, 0.0309666502289474, 47.617945075035095, 9.998739510774612, 3.0825380235910416, 63.31448554992676, 69.24189329147339, 50.51302909851074, 9.510228782892227, 22.715996205806732, 57.23903179168701, 53.577494621276855, 39.0115350484848, 44.301870465278625, 52.08258032798767, 0.0032763786293799058, 0.9640755131840706, 22.095534205436707, 12.134931236505508, 0.11118301190435886, 42.43290424346924, 6.066582724452019, 1.3759789988398552, 1.8427278846502304, 6.702824681997299, 11.475532501935959, 27.531009912490845, 29.592174291610718, 3.0391843989491463, 12.310849130153656, 15.455523133277893, 2.0527098327875137, 32.59418308734894, 31.5950870513916, 33.74737799167633, 47.646763920784, 52.12045907974243]}, "val_3 & triplet": {"mAP": 16.038206603744744, "APs": [58.12070965766907, 10.876515507698059, 10.110338777303696, 8.282479643821716, 0.03328389720991254, 40.79850912094116, 54.169511795043945, 6.867765635251999, 16.223080456256866, 4.1184961795806885, 1.1970204301178455, 21.884971857070923, 10.62394231557846, 59.31157469749451, 69.65520977973938, 6.53751865029335, 48.81191849708557, 6.056937575340271, 54.675573110580444, 9.56236645579338, 5.360907688736916, 0.33382491674274206, 14.767007529735565, 55.48253059387207, 0.9478509426116943, 3.2524656504392624, 36.2147182226181, 2.766072191298008, 30.14678657054901, 43.14952194690704, 12.647007405757904, 5.219292640686035, 22.00521230697632, 8.49875584244728, 13.06864470243454, 1.2139791622757912, 0.0022490423361887224, 1.1198364198207855, 44.586381316185, 2.5350242853164673, 32.6852411031723, 0.0, 1.1590625159442425, 13.50691169500351, 25.823915004730225, 0.07456460734829307, 9.856817126274109, 1.6017775982618332, 31.671616435050964, 29.823845624923706, 0.005886414510314353, 4.881855472922325, 0.2048682188615203, 0.038496346678584814, 11.941306293010712, 0.18696209881454706, 4.6942126005887985, 6.921987235546112, 14.280830323696136, 11.709058284759521, 0.0, 1.379087194800377, 60.893428325653076, 21.262137591838837, 0.5796325858682394, 0.3184828441590071, 0.0, 3.860272094607353]}, "val_3 & av_actions": {"mAP": 46.48573007383736, "APs": [96.60430705727802, 97.57015345320166, 58.61586297959218, 68.24984743783453, 0.3248612346421252, 0.5673580028998297, 3.4677203514131714]}}